arrays-and-tuples	ArraySansItems	[["Hello, World"]]
arrays-and-tuples	ArraySansItems	[[null]]
arrays-and-tuples	ArraySansItems	[]
arrays-and-tuples	ArraySansItems	{"wrapped":["null"]}
arrays-and-tuples	ArraySansItems	[false,"abc"]
arrays-and-tuples	ArraySansItems	[{}]
arrays-and-tuples	ArraySansItems	["",null]
arrays-and-tuples	ArraySansItems	[null,"UPPER"]
arrays-and-tuples	ArraySansItems	["é中文"]
arrays-and-tuples	ArraySansItems	[]
arrays-and-tuples	ArraySansItems	["Hello, World"]
arrays-and-tuples	ArraySansItems	[[]]
arrays-and-tuples	ArraySansItems	[null,"UPPER"]
arrays-and-tuples	ArraySansItems	[]
arrays-and-tuples	ArraySansItems	[]
arrays-and-tuples	ArraySansItems	[{"wrapped":true}]
arrays-and-tuples	ArraySansItems	[null,[	"ok"]]
arrays-and-tuples	ArraySansItems	[[]]
arrays-and-tuples	ArraySansItems	["ok"]
arrays-and-tuples	ArraySansItems	null
arrays-and-tuples	ArraySansItems	[]
arrays-and-tuples	ArraySansItems	[null,[]]
arrays-and-tuples	ArraySansItems	[3]
arrays-and-tuples	ArraySansItems	{"wrapped":["abc"]}
arrays-and-tuples	LessSimpleTwoTuple	["a-b_c","x y","true",-0.0]
arrays-and-tuples	LessSimpleTwoTuple	["0x10","null","a"]
arrays-and-tuples	LessSimpleTwoTuple	["1234","true","a"]
arrays-and-tuples	LessSimpleTwoTuple	"with \"quotes\""
arrays-and-tuples	LessSimpleTwoTuple	["0x10","true","a"]
arrays-and-tuples	LessSimpleTwoTuple	["UPPER","with \"quotes\"","null"]
arrays-and-tuples	LessSimpleTwoTuple	["null","abc","a"]
arrays-and-tuples	LessSimpleTwoTuple	null
arrays-and-tuples	LessSimpleTwoTuple	["😀","UPPER","0x10"]
arrays-and-tuples	LessSimpleTwoTuple	["with \"quotes\"","😀","ok"]
arrays-and-tuples	LessSimpleTwoTuple	["abc","UPPER","null"]
arrays-and-tuples	LessSimpleTwoTuple	["with \"quotes\"",{"wrapped":"😀"},"a"]
arrays-and-tuples	LessSimpleTwoTuple	["a-b_c","abc","ok"]
arrays-and-tuples	LessSimpleTwoTuple	["1234","1234","null","é中文"]
arrays-and-tuples	LessSimpleTwoTuple	["x y","ok","Hello, World"]
arrays-and-tuples	LessSimpleTwoTuple	{"wrapped":["é中文","abc","é中文"]}
arrays-and-tuples	LessSimpleTwoTuple	["","\u00E9\u4e2d\u6587"]
arrays-and-tuples	LessSimpleTwoTuple	["a-b_c","a-b_c","with \"quotes\""]
arrays-and-tuples	LessSimpleTwoTuple	["with \"quotes\"","UPPER","0x10"]
arrays-and-tuples	LessSimpleTwoTuple	[["😀"],"abc","1234",null]
arrays-and-tuples	LessSimpleTwoTuple	["a-b_c","UPPER","Hello, World"]
arrays-and-tuples	LessSimpleTwoTuple	["0x10","0x10","1234","0x10"]
arrays-and-tuples	LessSimpleTwoTuple	["a", "Hello, World"]
arrays-and-tuples	LessSimpleTwoTuple	"ok"
arrays-and-tuples	SetAvecItem	["1234"]
arrays-and-tuples	SetAvecItem	["a","null","😀","ok"]
arrays-and-tuples	SetAvecItem	["0x10","x y","é中文","with \"quotes\""]
arrays-and-tuples	SetAvecItem	null
arrays-and-tuples	SetAvecItem	["0x10","1234"]
arrays-and-tuples	SetAvecItem	["abc","a-b_c","with \"quotes\""]
arrays-and-tuples	SetAvecItem	["","x y"]
arrays-and-tuples	SetAvecItem	""
arrays-and-tuples	SetAvecItem	["a"]
arrays-and-tuples	SetAvecItem	["😀","a","Hello, World","null"]
arrays-and-tuples	SetAvecItem	["ok"]
arrays-and-tuples	SetAvecItem	[["abc"]]
arrays-and-tuples	SetAvecItem	["1234","UPPER","Hello, World"]
arrays-and-tuples	SetAvecItem	["0x10"]
arrays-and-tuples	SetAvecItem	["null","with \"quotes\"","😀"]
arrays-and-tuples	SetAvecItem	[{"wrapped":"1234"},"true","with \"quotes\""]
arrays-and-tuples	SetAvecItem	["a-b_c"]
arrays-and-tuples	SetAvecItem	["UPPER"]
arrays-and-tuples	SetAvecItem	["é中文"]
arrays-and-tuples	SetAvecItem	null
arrays-and-tuples	SetAvecItem	["ok","Hello, World"]
arrays-and-tuples	SetAvecItem	[  "1234","with \"quotes\""]
arrays-and-tuples	SetAvecItem	["é中文"]
arrays-and-tuples	SetAvecItem	[null]
arrays-and-tuples	SimpleTwoArray	["é中文","ok"]
arrays-and-tuples	SimpleTwoArray	["abc","1234"]
arrays-and-tuples	SimpleTwoArray	["true","with \"quotes\""]
arrays-and-tuples	SimpleTwoArray	["é中文",{"wrapped":"ok"}]
arrays-and-tuples	SimpleTwoArray	["true","a"]
arrays-and-tuples	SimpleTwoArray	["a-b_c","é中文"]
arrays-and-tuples	SimpleTwoArray	["","null"]
arrays-and-tuples	SimpleTwoArray	[["é中文","a"]]
arrays-and-tuples	SimpleTwoArray	["1234","abc"]
arrays-and-tuples	SimpleTwoArray	["ok","0x10"]
arrays-and-tuples	SimpleTwoArray	["","Hello, World"]
arrays-and-tuples	SimpleTwoArray	false
arrays-and-tuples	SimpleTwoArray	["é中文","a"]
arrays-and-tuples	SimpleTwoArray	["😀","Hello, World"]
arrays-and-tuples	SimpleTwoArray	["😀","a"]
arrays-and-tuples	SimpleTwoArray	null
arrays-and-tuples	SimpleTwoArray	["a","x y"]
arrays-and-tuples	SimpleTwoArray	["true","true"]
arrays-and-tuples	SimpleTwoArray	["Hello, World","a-b_c"]
arrays-and-tuples	SimpleTwoArray	[["null","ok"]]
arrays-and-tuples	SimpleTwoArray	["null","UPPER","with \"quotes\""]
arrays-and-tuples	SimpleTwoArray	["null","n\u0075l\u006C"  ]
arrays-and-tuples	SimpleTwoArray	["x y","1234"]
arrays-and-tuples	SimpleTwoArray	[null,"UPPER"]
arrays-and-tuples	SimpleTwoTuple	["0x10","0x10",[3,null]]
arrays-and-tuples	SimpleTwoTuple	["x y","ok",[]]
arrays-and-tuples	SimpleTwoTuple	["abc"]
arrays-and-tuples	SimpleTwoTuple	{"wrapped":["with \"quotes\"","0x10"]}
arrays-and-tuples	SimpleTwoTuple	["a-b_c","abc"]
arrays-and-tuples	SimpleTwoTuple	["true","with \"quotes\"",10000000000.0]
arrays-and-tuples	SimpleTwoTuple	["a-b_c","a-b_c"]
arrays-and-tuples	SimpleTwoTuple	["x y",{"wrapped":"ok"}]
arrays-and-tuples	SimpleTwoTuple	["Hello, World","1234"]
arrays-and-tuples	SimpleTwoTuple	["a-b_c","UPPER"]
arrays-and-tuples	SimpleTwoTuple	["true","Hello, World"]
arrays-and-tuples	SimpleTwoTuple	["ok","😀",[{"wrapped":"a-b_c"},"abc"]]
arrays-and-tuples	SimpleTwoTuple	["ok","a"]
arrays-and-tuples	SimpleTwoTuple	["😀"]
arrays-and-tuples	SimpleTwoTuple	["x y","é中文"]
arrays-and-tuples	SimpleTwoTuple	[["0x10","x y"]]
arrays-and-tuples	SimpleTwoTuple	["a-b_c","a-b_c"]
arrays-and-tuples	SimpleTwoTuple	["UPPER","a-b_c"]
arrays-and-tuples	SimpleTwoTuple	  ["UPPER","0x10"]
arrays-and-tuples	SimpleTwoTuple	{"wrapped":["1234","Hello, World"]}
arrays-and-tuples	SimpleTwoTuple	["a","x y"]
arrays-and-tuples	SimpleTwoTuple	["é中文"]
arrays-and-tuples	SimpleTwoTuple	["UPPER","x y"]
arrays-and-tuples	SimpleTwoTuple	[["","ok"]]
arrays-and-tuples	UnsimpleTwoTuple	["é中文"]
arrays-and-tuples	UnsimpleTwoTuple	["é中文"]
arrays-and-tuples	UnsimpleTwoTuple	["with \"quotes\""]
arrays-and-tuples	UnsimpleTwoTuple	[null]
arrays-and-tuples	UnsimpleTwoTuple	["a-b_c"]
arrays-and-tuples	UnsimpleTwoTuple	[]
arrays-and-tuples	UnsimpleTwoTuple	["Hello, World",""]
arrays-and-tuples	UnsimpleTwoTuple	[[null,"😀"]]
arrays-and-tuples	UnsimpleTwoTuple	["Hello, World"]
arrays-and-tuples	UnsimpleTwoTuple	["Hello, World"]
arrays-and-tuples	UnsimpleTwoTuple	["with \"quotes\"","with \"quotes\""]
arrays-and-tuples	UnsimpleTwoTuple	{}
arrays-and-tuples	UnsimpleTwoTuple	["ok"]
arrays-and-tuples	UnsimpleTwoTuple	[""]
arrays-and-tuples	UnsimpleTwoTuple	["😀"]
arrays-and-tuples	UnsimpleTwoTuple	["x y"]
arrays-and-tuples	UnsimpleTwoTuple	["a"]
arrays-and-tuples	UnsimpleTwoTuple	["1234"]
arrays-and-tuples	UnsimpleTwoTuple	  ["x y"]
arrays-and-tuples	UnsimpleTwoTuple	[null  ]
arrays-and-tuples	UnsimpleTwoTuple	[]
arrays-and-tuples	UnsimpleTwoTuple	[ ]
arrays-and-tuples	UnsimpleTwoTuple	["true"]
arrays-and-tuples	UnsimpleTwoTuple	null
arrays-and-tuples	YoloTwoArray	[1.5]
arrays-and-tuples	YoloTwoArray	[]
arrays-and-tuples	YoloTwoArray	[true,true]
arrays-and-tuples	YoloTwoArray	[[null,"Hello, World"]]
arrays-and-tuples	YoloTwoArray	[]
arrays-and-tuples	YoloTwoArray	[false,"with \"quotes\""]
arrays-and-tuples	YoloTwoArray	[null]
arrays-and-tuples	YoloTwoArray	["😀"]
arrays-and-tuples	YoloTwoArray	[null,{"k0":false,"k1":0}]
arrays-and-tuples	YoloTwoArray	[false]
arrays-and-tuples	YoloTwoArray	[[]]
arrays-and-tuples	YoloTwoArray	{"wrapped":[]}
arrays-and-tuples	YoloTwoArray	[{"k0":-1,"k1":""}]
arrays-and-tuples	YoloTwoArray	[]
arrays-and-tuples	YoloTwoArray	[[]]
arrays-and-tuples	YoloTwoArray	{"wrapped":[]}
arrays-and-tuples	YoloTwoArray	[]
arrays-and-tuples	YoloTwoArray	["",false]
arrays-and-tuples	YoloTwoArray	[]
arrays-and-tuples	YoloTwoArray	null
arrays-and-tuples	YoloTwoArray	[{"k0":"0x10","k1":"with \"quotes\""},"abc"]
arrays-and-tuples	YoloTwoArray	["a",{}]
arrays-and-tuples	YoloTwoArray	 [null]
arrays-and-tuples	YoloTwoArray	[[ "1234"]]
