id-or-name	IdOrName	"😀"
id-or-name	IdOrName	"67e5504410b1426f9247bb680e5fe0c8"
id-or-name	IdOrName	"with \"quotes\""
id-or-name	IdOrName	{}
id-or-name	IdOrName	"67E55044-10B1-426F-9247-BB680E5FE0C8"
id-or-name	IdOrName	"67E55044-10B1-426F-9247-BB680E5FE0C8"
id-or-name	IdOrName	"ok"
id-or-name	IdOrName	"a"
id-or-name	IdOrName	"xxxxxxxxxxxxxxxxxxxxxxxxxxxxxxxxxxxxxxxxxxxxxxxxxxxxxxxxxxxxxx"
id-or-name	IdOrName	"{67e55044-10b1-426f-9247-bb680e5fe0c8}"
id-or-name	IdOrName	"{67e55044-10b1-426f-9247-bb680e5fe0c8}"
id-or-name	IdOrName	null
id-or-name	IdOrName	"a"
id-or-name	IdOrName	"Hello, World"
id-or-name	IdOrName	"{67e55044-10b1-426f-9247-bb680e5fe0c8}"
id-or-name	IdOrName	["xxxxxxxxxxxxxxxxxxxxxxxxxxxxxxxxxxxxxxxxxxxxxxxxxxxxxxxxxxxxxxxx"]
id-or-name	IdOrNameRedundant	"UPPER"
id-or-name	IdOrNameRedundant	"xxxxxxxxxxxxxxxxxxxxxxxxxxxxxxxxxxxxxxxxxxxxxxxxxxxxxxxxxxxxxxx"
id-or-name	IdOrNameRedundant	"xxxxxxxxxxxxxxxxxxxxxxxxxxxxxxxxxxxxxxxxxxxxxxxxxxxxxxxxxxxxxxxx"
id-or-name	IdOrNameRedundant	null
id-or-name	IdOrNameRedundant	"67e5504410b1426f9247bb680e5fe0c8"
id-or-name	IdOrNameRedundant	"a"
id-or-name	IdOrNameRedundant	"67e55044-10b1-426f-9247-bb680e5fe0c8"
id-or-name	IdOrNameRedundant	1e+300
id-or-name	IdOrNameRedundant	"67E55044-10B1-426F-9247-BB680E5FE0C8"
id-or-name	IdOrNameRedundant	"ok"
id-or-name	IdOrNameRedundant	"67E55044-10B1-426F-9247-BB680E5FE0C8"
id-or-name	IdOrNameRedundant	{"wrapped":"1234"}
id-or-name	IdOrNameRedundant	"x y"
id-or-name	IdOrNameRedundant	"Hello, World"
id-or-name	IdOrNameRedundant	"{67e55044-10b1-426f-9247-bb680e5fe0c8}"
id-or-name	IdOrNameRedundant	null
id-or-name	IdOrYolo	"1234"
id-or-name	IdOrYolo	"not-a-uuid"
id-or-name	IdOrYolo	"Hello, World"
id-or-name	IdOrYolo	{"wrapped":"😀"}
id-or-name	IdOrYolo	"😀"
id-or-name	IdOrYolo	"67e5504410b1426f9247bb680e5fe0c8"
id-or-name	IdOrYolo	"not-a-uuid"
id-or-name	IdOrYolo	null
id-or-name	IdOrYolo	""
id-or-name	IdOrYolo	"0x10"
id-or-name	IdOrYolo	"true"
id-or-name	IdOrYolo	false
id-or-name	IdOrYolo	""
id-or-name	IdOrYolo	"67e55044-10b1-426f-9247-bb680e5fe0c8"
id-or-name	IdOrYolo	"ok"
id-or-name	IdOrYolo	["urn:uuid:67e55044-10b1-426f-9247-bb680e5fe0c8"]
id-or-name	Name	"xxxxxxxxxxxxxxxxxxxxxxxxxxxxxxxxxxxxxxxxxxxxxxxxxxxxxxxxxxxxxx"
id-or-name	Name	"xxxxxxxxxxxxxxxxxxxxxxxxxxxxxxxxxxxxxxxxxxxxxxxxxxxxxxxxxxxxxx"
id-or-name	Name	"ok"
id-or-name	Name	{"wrapped":"xxxxxxxxxxxxxxxxxxxxxxxxxxxxxxxxxxxxxxxxxxxxxxxxxxxxxxxxxxxxxxx"}
id-or-name	Name	"xxxxxxxxxxxxxxxxxxxxxxxxxxxxxxxxxxxxxxxxxxxxxxxxxxxxxxxxxxxxxxxx"
id-or-name	Name	"x y"
id-or-name	Name	"xxxxxxxxxxxxxxxxxxxxxxxxxxxxxxxxxxxxxxxxxxxxxxxxxxxxxxxxxxxxxx"
id-or-name	Name	true
id-or-name	Name	"UPPER"
id-or-name	Name	"xxxxxxxxxxxxxxxxxxxxxxxxxxxxxxxxxxxxxxxxxxxxxxxxxxxxxxxxxxxxxxxx"
id-or-name	Name	"abc"
id-or-name	Name	["a"]
id-or-name	Name	"xxxxxxxxxxxxxxxxxxxxxxxxxxxxxxxxxxxxxxxxxxxxxxxxxxxxxxxxxxxxxxxx"
id-or-name	Name	"null"
id-or-name	Name	""
id-or-name	Name	["abc"]
