merged-schemas	BarProp	{}
merged-schemas	BarProp	{"bar":"null"}
merged-schemas	BarProp	{}
merged-schemas	BarProp	{}
merged-schemas	BarProp	{"bar":null}
merged-schemas	BarProp	{}
merged-schemas	BarProp	{"bar":1.0}
merged-schemas	BarProp	{"wrapped":{}}
merged-schemas	BarProp	{"bar":"a-b_c"}
merged-schemas	BarProp	{}
merged-schemas	BarProp	{"bar":[false,"abc"]}
merged-schemas	BarProp	null
merged-schemas	BarProp	{"bar":null}
merged-schemas	BarProp	{}
merged-schemas	BarProp	{"bar":{"k0":"é中文"}}
merged-schemas	BarProp	"a-b_c"
merged-schemas	CommentedTypeMerged	null
merged-schemas	CommentedTypeMerged	{"y":true}
merged-schemas	CommentedTypeMerged	{"y":"abc"}
merged-schemas	CommentedTypeMerged	{"wrapped":null}
merged-schemas	CommentedTypeMerged	{"y":1}
merged-schemas	CommentedTypeMerged	null
merged-schemas	CommentedTypeMerged	null
merged-schemas	CommentedTypeMerged	null
merged-schemas	CommentedTypeMerged	null
merged-schemas	CommentedTypeMerged	{"y":-0.0}
merged-schemas	CommentedTypeMerged	{"y":"😀"}
merged-schemas	CommentedTypeMerged	{"y":{"wrapped":"ok"}}
merged-schemas	CommentedTypeMerged	null
merged-schemas	CommentedTypeMerged	{"y":0.1}
merged-schemas	CommentedTypeMerged	{"y":-2.25}
merged-schemas	CommentedTypeMerged	{"y":null}
merged-schemas	HereAndThere	{"foo":"a-b_c"}
merged-schemas	HereAndThere	{"foo":"1234"}
merged-schemas	HereAndThere	null
merged-schemas	HereAndThere	{"foo":null}
merged-schemas	HereAndThere	null
merged-schemas	HereAndThere	{"foo":"a-b_c"}
merged-schemas	HereAndThere	{"foo":"é中文"}
merged-schemas	HereAndThere	{"foo":"a","unexpected_field":true}
merged-schemas	HereAndThere	{"foo":"true"}
merged-schemas	HereAndThere	{"foo":"😀"}
merged-schemas	HereAndThere	{"foo":"UPPER"}
merged-schemas	HereAndThere	[null]
merged-schemas	HereAndThere	{"foo":"x y"}
merged-schemas	HereAndThere	null
merged-schemas	HereAndThere	null
merged-schemas	HereAndThere	{"foo":{"wrapped":"a-b_c"}}
merged-schemas	JsonResponseBase	{"result":"with \"quotes\""}
merged-schemas	JsonResponseBase	{}
merged-schemas	JsonResponseBase	{}
merged-schemas	JsonResponseBase	{"result":null}
merged-schemas	JsonResponseBase	{"result":"Hello, World"}
merged-schemas	JsonResponseBase	{"result":""}
merged-schemas	JsonResponseBase	{}
merged-schemas	JsonResponseBase	{"result":"true","unexpected_field":1.0}
merged-schemas	JsonResponseBase	{}
merged-schemas	JsonResponseBase	{}
merged-schemas	JsonResponseBase	{"result":"with \"quotes\""}
merged-schemas	JsonResponseBase	{"result":"with \"quotes\""}
merged-schemas	JsonResponseBase	{"result":"x y"}
merged-schemas	JsonResponseBase	{"result":"ok"}
merged-schemas	JsonResponseBase	{}
merged-schemas	JsonResponseBase	{"result":null}
merged-schemas	JsonSuccess	{"msg":"0x10","result":"success"}
merged-schemas	JsonSuccess	{"msg":"0x10","result":"a-b_c"}
merged-schemas	JsonSuccess	{"msg":"a-b_c","result":1e+300}
merged-schemas	JsonSuccess	{"result":123456789.125}
merged-schemas	JsonSuccess	{"msg":false,"result":"ok"}
merged-schemas	JsonSuccess	{"msg":"a","result":null}
merged-schemas	JsonSuccess	{"msg":"Hello, World","result":"success"}
merged-schemas	JsonSuccess	{"msg":1,"result":null}
merged-schemas	JsonSuccess	{"msg":"a","result":"success"}
merged-schemas	JsonSuccess	{"msg":null,"result":0.1}
merged-schemas	JsonSuccess	{"msg":true,"result":"success"}
merged-schemas	JsonSuccess	{"msg":"UPPER","result":"a-b_c"}
merged-schemas	JsonSuccess	{"msg":"0x10","result":"success"}
merged-schemas	JsonSuccess	{"msg":"true","result":"true"}
merged-schemas	JsonSuccess	{"msg":"😀","result":-2.25}
merged-schemas	JsonSuccess	{"msg":"true","result":"null","unexpected_field":null}
merged-schemas	JsonSuccessBase	{"msg":"true","result":"success"}
merged-schemas	JsonSuccessBase	{"msg":"Hello, World","result":"success"}
merged-schemas	JsonSuccessBase	{"msg":"x y","result":"success"}
merged-schemas	JsonSuccessBase	{"msg":"a-b_c","result":""}
merged-schemas	JsonSuccessBase	{"msg":"a","result":"success"}
merged-schemas	JsonSuccessBase	{"msg":"a","result":"success"}
merged-schemas	JsonSuccessBase	{"msg":"null","result":"success"}
merged-schemas	JsonSuccessBase	{"msg":null,"result":"success"}
merged-schemas	JsonSuccessBase	{"msg":"é中文","result":"success"}
merged-schemas	JsonSuccessBase	{"msg":"UPPER","result":"success"}
merged-schemas	JsonSuccessBase	{"msg":"x y","result":"success"}
merged-schemas	JsonSuccessBase	{"msg":"Hello, World","result":"success","unexpected_field":"x y"}
merged-schemas	JsonSuccessBase	{"msg":"UPPER","result":"success"}
merged-schemas	JsonSuccessBase	{"msg":"😀","result":"success"}
merged-schemas	JsonSuccessBase	{"msg":"with \"quotes\"","result":"success"}
merged-schemas	JsonSuccessBase	{"msg":"Hello, World","result":null}
merged-schemas	OrderDependentMerge	{"bar":false,"baz":false}
merged-schemas	OrderDependentMerge	{"bar":10000000000.0,"baz":true}
merged-schemas	OrderDependentMerge	{"bar":"a","baz":false}
merged-schemas	OrderDependentMerge	{"bar":["with \"quotes\""]}
merged-schemas	OrderDependentMerge	{"bar":"0x10"}
merged-schemas	OrderDependentMerge	{"bar":null}
merged-schemas	OrderDependentMerge	{"baz":false}
merged-schemas	OrderDependentMerge	{"wrapped":null}
merged-schemas	OrderDependentMerge	{"baz":false}
merged-schemas	OrderDependentMerge	{"bar":null}
merged-schemas	OrderDependentMerge	{"bar":null,"baz":false}
merged-schemas	OrderDependentMerge	{"baz":true}
merged-schemas	OrderDependentMerge	{"baz":false}
merged-schemas	OrderDependentMerge	{"bar":null,"baz":false}
merged-schemas	OrderDependentMerge	{"bar":null}
merged-schemas	OrderDependentMerge	{"bar":null}
merged-schemas	TriplePattern	"😀"
merged-schemas	TriplePattern	"null"
merged-schemas	TriplePattern	"😀"
merged-schemas	TriplePattern	{"wrapped":""}
merged-schemas	TriplePattern	"ok"
merged-schemas	TriplePattern	"a"
merged-schemas	TriplePattern	"UPPER"
merged-schemas	TriplePattern	[true]
merged-schemas	TriplePattern	""
merged-schemas	TriplePattern	"0x10"
merged-schemas	TriplePattern	"null"
merged-schemas	TriplePattern	["UPPER"]
merged-schemas	TriplePattern	"1234"
merged-schemas	TriplePattern	"Hello, World"
merged-schemas	TriplePattern	"1234"
merged-schemas	TriplePattern	123456789.125
merged-schemas	Unresolvable	{"x":"b"}
merged-schemas	Unresolvable	{"x":"a"}
merged-schemas	Unresolvable	{"x":"a"}
merged-schemas	Unresolvable	{"x":"ok"}
merged-schemas	Unresolvable	{"x":"b"}
merged-schemas	Unresolvable	{"x":"a"}
merged-schemas	Unresolvable	{"x":"a"}
merged-schemas	Unresolvable	{"x":null}
merged-schemas	Unresolvable	{"x":"b"}
merged-schemas	Unresolvable	{"x":"b"}
merged-schemas	Unresolvable	{"x":"a"}
merged-schemas	Unresolvable	{"unexpected_field":null,"x":"a"}
merged-schemas	Unresolvable	{"x":"b"}
merged-schemas	Unresolvable	{"x":"a"}
merged-schemas	Unresolvable	{"x":"b"}
merged-schemas	Unresolvable	{"x":null}
merged-schemas	ButNotThat	{"that":null}
merged-schemas	ButNotThat	{"that":"a","this":{}}
merged-schemas	ButNotThat	{"that":[null],"this":null}
merged-schemas	ButNotThat	{"that":"true"}
merged-schemas	ButNotThat	{"that":"true"}
merged-schemas	ButNotThat	{"this":false}
merged-schemas	ButNotThat	{"this":{"k0":"0x10"}}
merged-schemas	ButNotThat	{"this":null}
merged-schemas	ButNotThat	{"that":"x y","this":null}
merged-schemas	ButNotThat	{"that":"x y"}
merged-schemas	ButNotThat	{"this":true}
merged-schemas	ButNotThat	{"this":false,"unexpected_field":"true"}
merged-schemas	ButNotThat	{"that":"null","this":[1]}
merged-schemas	ButNotThat	{"that":{"k0":"a"}}
merged-schemas	ButNotThat	{"that":null}
merged-schemas	ButNotThat	{"that":[{}],"this":null}
merged-schemas	MergeEmpty	{"action":"foo"}
merged-schemas	MergeEmpty	{"action":"foo","token":"a"}
merged-schemas	MergeEmpty	null
merged-schemas	MergeEmpty	{"token":false}
merged-schemas	MergeEmpty	{"action":"bar"}
merged-schemas	MergeEmpty	null
merged-schemas	MergeEmpty	{"token":"null"}
merged-schemas	MergeEmpty	{"action":"true"}
merged-schemas	MergeEmpty	{"action":"foo","token":"😀"}
merged-schemas	MergeEmpty	{"action":"foo"}
merged-schemas	MergeEmpty	{"action":"bar","token":"abc"}
merged-schemas	MergeEmpty	{"action":"ok"}
merged-schemas	MergeEmpty	null
merged-schemas	MergeEmpty	{"action":"bar","token":"x y"}
merged-schemas	MergeEmpty	{"action":"bar","token":"Hello, World"}
merged-schemas	MergeEmpty	{"action":"foo","token":null}
merged-schemas	MergeNumberBounds	1.5
merged-schemas	MergeNumberBounds	50.0
merged-schemas	MergeNumberBounds	50.0
merged-schemas	MergeNumberBounds	10000000000.0
merged-schemas	MergeNumberBounds	123456789.125
merged-schemas	MergeNumberBounds	0.1
merged-schemas	MergeNumberBounds	1e+300
merged-schemas	MergeNumberBounds	null
merged-schemas	MergeNumberBounds	6.0
merged-schemas	MergeNumberBounds	10000000000.0
merged-schemas	MergeNumberBounds	123456789.125
merged-schemas	MergeNumberBounds	null
merged-schemas	MergeNumberBounds	51.0
merged-schemas	MergeNumberBounds	1.5
merged-schemas	MergeNumberBounds	1e+300
merged-schemas	MergeNumberBounds	{"wrapped":5.0}
merged-schemas	MergeStringBounds	"yy"
merged-schemas	MergeStringBounds	"xxxxxxxxxxx"
merged-schemas	MergeStringBounds	"xxxxxxxxxxx"
merged-schemas	MergeStringBounds	{"wrapped":"xxxxxxxxx"}
merged-schemas	MergeStringBounds	"xxxxxxxxxx"
merged-schemas	MergeStringBounds	"true"
merged-schemas	MergeStringBounds	"xxxxxxxxx"
merged-schemas	MergeStringBounds	{"wrapped":"y"}
merged-schemas	MergeStringBounds	"xxxxxxxxxxx"
merged-schemas	MergeStringBounds	""
merged-schemas	MergeStringBounds	"xxxxxxxxx"
merged-schemas	MergeStringBounds	["x y"]
merged-schemas	MergeStringBounds	""
merged-schemas	MergeStringBounds	"xxxxxxxxxx"
merged-schemas	MergeStringBounds	"UPPER"
merged-schemas	MergeStringBounds	["a"]
merged-schemas	NarrowNumber	123456789.125
merged-schemas	NarrowNumber	true
merged-schemas	NarrowNumber	[]
merged-schemas	NarrowNumber	"abc"
merged-schemas	NarrowNumber	"a"
merged-schemas	NarrowNumber	[1e+300]
merged-schemas	NarrowNumber	null
merged-schemas	NarrowNumber	{"k0":null}
merged-schemas	NarrowNumber	256
merged-schemas	NarrowNumber	"true"
merged-schemas	NarrowNumber	"true"
merged-schemas	NarrowNumber	null
merged-schemas	NarrowNumber	1
merged-schemas	NarrowNumber	["true",false]
merged-schemas	NarrowNumber	false
merged-schemas	NarrowNumber	null
merged-schemas	Pickingone	{"suspended_by":{}}
merged-schemas	Pickingone	{"suspended_by":{"email":"true"}}
merged-schemas	Pickingone	{"suspended_by":{}}
merged-schemas	Pickingone	{"suspended_by":null}
merged-schemas	Pickingone	{"suspended_by":{}}
merged-schemas	Pickingone	{"suspended_by":{"email":"UPPER"}}
merged-schemas	Pickingone	{"suspended_by":{}}
merged-schemas	Pickingone	{"suspended_by":null}
merged-schemas	Pickingone	{"suspended_by":{"email":null}}
merged-schemas	Pickingone	{"suspended_by":{"email":null}}
merged-schemas	Pickingone	{"suspended_by":{"email":"0x10"}}
merged-schemas	Pickingone	{"suspended_by":{}}
merged-schemas	Pickingone	{"suspended_by":{"email":"null"}}
merged-schemas	Pickingone	{"suspended_by":{}}
merged-schemas	Pickingone	{"suspended_by":{"email":"ok"}}
merged-schemas	Pickingone	{}
merged-schemas	PickingoneInstallation	{"suspended_by":null}
merged-schemas	PickingoneInstallation	{}
merged-schemas	PickingoneInstallation	{"suspended_by":{"email":null}}
merged-schemas	PickingoneInstallation	{"suspended_by":-2.25}
merged-schemas	PickingoneInstallation	{"suspended_by":{"email":null}}
merged-schemas	PickingoneInstallation	{}
merged-schemas	PickingoneInstallation	{}
merged-schemas	PickingoneInstallation	{"suspended_by":null,"unexpected_field":1e+300}
merged-schemas	PickingoneInstallation	{"suspended_by":null}
merged-schemas	PickingoneInstallation	{"suspended_by":null}
merged-schemas	PickingoneInstallation	{}
merged-schemas	PickingoneInstallation	{"suspended_by":null}
merged-schemas	PickingoneInstallation	{}
merged-schemas	PickingoneInstallation	{"suspended_by":{"email":"true"}}
merged-schemas	PickingoneInstallation	{"suspended_by":null}
merged-schemas	PickingoneInstallation	{"suspended_by":{"wrapped":null}}
merged-schemas	PickingoneUser	{"email":"é中文"}
merged-schemas	PickingoneUser	{"email":"Hello, World"}
merged-schemas	PickingoneUser	{"email":null}
merged-schemas	PickingoneUser	{"email":{"wrapped":"0x10"}}
merged-schemas	PickingoneUser	{}
merged-schemas	PickingoneUser	{"email":"😀"}
merged-schemas	PickingoneUser	{"email":null}
merged-schemas	PickingoneUser	[{}]
merged-schemas	PickingoneUser	{"email":"a"}
merged-schemas	PickingoneUser	{"email":"true"}
merged-schemas	PickingoneUser	{"email":null}
merged-schemas	PickingoneUser	{"email":null}
merged-schemas	PickingoneUser	{"email":"Hello, World"}
merged-schemas	PickingoneUser	{"email":"é中文"}
merged-schemas	PickingoneUser	{}
merged-schemas	PickingoneUser	{"wrapped":{}}
merged-schemas	TrimFat	{"a":"UPPER","c":"abc"}
merged-schemas	TrimFat	{"a":"1234","b":{}}
merged-schemas	TrimFat	{"a":"ok"}
merged-schemas	TrimFat	{"a":null}
merged-schemas	TrimFat	{"a":false,"b":null}
merged-schemas	TrimFat	{"a":{"k0":null},"b":null,"c":null}
merged-schemas	TrimFat	{"a":{"k0":1.5}}
merged-schemas	TrimFat	{"a":{},"b":{},"unexpected_field":"é中文"}
merged-schemas	TrimFat	{"a":"abc","b":{"k0":null}}
merged-schemas	TrimFat	{"a":"1234","c":"a"}
merged-schemas	TrimFat	{"a":1.0,"c":false}
merged-schemas	TrimFat	{"a":[],"b":"ok","c":[null]}
merged-schemas	TrimFat	{"a":[],"b":true}
merged-schemas	TrimFat	{"a":1.0,"c":1e+300}
merged-schemas	TrimFat	{"a":"1234","b":"a-b_c"}
merged-schemas	TrimFat	{"a":"null","b":false,"c":null}
merged-schemas	UnchangedByMerge	{"k0":null,"k1":"ok","tag":"something"}
merged-schemas	UnchangedByMerge	{"tag":"something"}
merged-schemas	UnchangedByMerge	{"tag":"something"}
merged-schemas	UnchangedByMerge	{}
merged-schemas	UnchangedByMerge	{"tag":"something"}
merged-schemas	UnchangedByMerge	{"tag":"something"}
merged-schemas	UnchangedByMerge	{"tag":"something"}
merged-schemas	UnchangedByMerge	{"tag":null}
merged-schemas	UnchangedByMerge	{"tag":"something"}
merged-schemas	UnchangedByMerge	{"tag":"something"}
merged-schemas	UnchangedByMerge	{"tag":"something"}
merged-schemas	UnchangedByMerge	{}
merged-schemas	UnchangedByMerge	{"tag":"something"}
merged-schemas	UnchangedByMerge	{"tag":"something"}
merged-schemas	UnchangedByMerge	{"tag":"something"}
merged-schemas	UnchangedByMerge	{"tag":"something","unexpected_field":"1234"}
merged-schemas	Unsatisfiable1	{"bar":"abc"}
merged-schemas	Unsatisfiable1	"foo"
merged-schemas	Unsatisfiable1	{"bar":null}
merged-schemas	Unsatisfiable1	["foo"]
merged-schemas	Unsatisfiable1	{"bar":null}
merged-schemas	Unsatisfiable1	{"bar":null}
merged-schemas	Unsatisfiable1	"foo"
merged-schemas	Unsatisfiable1	{"bar":null}
merged-schemas	Unsatisfiable1	{"bar":"Hello, World"}
merged-schemas	Unsatisfiable1	{"bar":"é中文"}
merged-schemas	Unsatisfiable1	{"bar":1.0}
merged-schemas	Unsatisfiable1	{"bar":["with \"quotes\""]}
merged-schemas	Unsatisfiable1	"foo"
merged-schemas	Unsatisfiable1	{"bar":null}
merged-schemas	Unsatisfiable1	{"bar":"x y"}
merged-schemas	Unsatisfiable1	{"wrapped":"foo"}
merged-schemas	Unsatisfiable2	{"action":"foo"}
merged-schemas	Unsatisfiable2	{"action":"bar"}
merged-schemas	Unsatisfiable2	{"action":"bar"}
merged-schemas	Unsatisfiable2	{"action":"ok"}
merged-schemas	Unsatisfiable2	{"action":"bar"}
merged-schemas	Unsatisfiable2	{"action":"bar"}
merged-schemas	Unsatisfiable2	{"action":"bar"}
merged-schemas	Unsatisfiable2	{"action":"foo","unexpected_field":null}
merged-schemas	Unsatisfiable2	{"action":"bar"}
merged-schemas	Unsatisfiable2	{"action":"foo"}
merged-schemas	Unsatisfiable2	{"action":"bar"}
merged-schemas	Unsatisfiable2	{"action":null}
merged-schemas	Unsatisfiable2	{"action":"bar"}
merged-schemas	Unsatisfiable2	{"action":"bar"}
merged-schemas	Unsatisfiable2	{"action":"bar"}
merged-schemas	Unsatisfiable2	{"action":"foo","unexpected_field":"é中文"}
merged-schemas	Unsatisfiable3	{"action":"bar"}
merged-schemas	Unsatisfiable3	{"action":"bar"}
merged-schemas	Unsatisfiable3	{"action":"bar"}
merged-schemas	Unsatisfiable3	{"action":null}
merged-schemas	Unsatisfiable3	{"action":"bar"}
merged-schemas	Unsatisfiable3	{"action":"bar"}
merged-schemas	Unsatisfiable3	{"action":"bar"}
merged-schemas	Unsatisfiable3	{"action":true}
merged-schemas	Unsatisfiable3	{"action":"bar"}
merged-schemas	Unsatisfiable3	{"action":"bar"}
merged-schemas	Unsatisfiable3	{"action":"bar"}
merged-schemas	Unsatisfiable3	{"action":"bar","unexpected_field":null}
merged-schemas	Unsatisfiable3	{"action":"bar"}
merged-schemas	Unsatisfiable3	{"action":"bar"}
merged-schemas	Unsatisfiable3	{"action":"bar"}
merged-schemas	Unsatisfiable3	{"action":"bar","unexpected_field":"null"}
merged-schemas	Unsatisfiable3A	{"action":"foo"}
merged-schemas	Unsatisfiable3A	{}
merged-schemas	Unsatisfiable3A	{"action":"foo"}
merged-schemas	Unsatisfiable3A	{"action":"foo","unexpected_field":-2.25}
merged-schemas	Unsatisfiable3A	{"action":"foo"}
merged-schemas	Unsatisfiable3A	{}
merged-schemas	Unsatisfiable3A	{"action":"foo"}
merged-schemas	Unsatisfiable3A	{"wrapped":{}}
merged-schemas	Unsatisfiable3A	{"action":"foo"}
merged-schemas	Unsatisfiable3A	{"action":"foo"}
merged-schemas	Unsatisfiable3A	{}
merged-schemas	Unsatisfiable3A	{"action":null}
merged-schemas	Unsatisfiable3A	{}
merged-schemas	Unsatisfiable3A	{}
merged-schemas	Unsatisfiable3A	{"action":"foo"}
merged-schemas	Unsatisfiable3A	{"wrapped":{}}
merged-schemas	Unsatisfiable3B	"bar"
merged-schemas	Unsatisfiable3B	"bar"
merged-schemas	Unsatisfiable3B	"bar"
merged-schemas	Unsatisfiable3B	{"wrapped":"bar"}
merged-schemas	Unsatisfiable3B	"bar"
merged-schemas	Unsatisfiable3B	"bar"
merged-schemas	Unsatisfiable3B	"bar"
merged-schemas	Unsatisfiable3B	{"wrapped":"bar"}
merged-schemas	Unsatisfiable3B	"bar"
merged-schemas	Unsatisfiable3B	"bar"
merged-schemas	Unsatisfiable3B	"bar"
merged-schemas	Unsatisfiable3B	["bar"]
merged-schemas	Unsatisfiable3B	"bar"
merged-schemas	Unsatisfiable3B	"bar"
merged-schemas	Unsatisfiable3B	"bar"
merged-schemas	Unsatisfiable3B	["bar"]
merged-schemas	Unsatisfiable3C	"foo"
merged-schemas	Unsatisfiable3C	"foo"
merged-schemas	Unsatisfiable3C	"foo"
merged-schemas	Unsatisfiable3C	false
merged-schemas	Unsatisfiable3C	"foo"
merged-schemas	Unsatisfiable3C	"foo"
merged-schemas	Unsatisfiable3C	"foo"
merged-schemas	Unsatisfiable3C	3
merged-schemas	Unsatisfiable3C	"foo"
merged-schemas	Unsatisfiable3C	"foo"
merged-schemas	Unsatisfiable3C	"foo"
merged-schemas	Unsatisfiable3C	["foo"]
merged-schemas	Unsatisfiable3C	"foo"
merged-schemas	Unsatisfiable3C	"foo"
merged-schemas	Unsatisfiable3C	"foo"
merged-schemas	Unsatisfiable3C	["foo"]
merged-schemas	WeirdEnum	{"pattern":"ok"}
merged-schemas	WeirdEnum	{"pattern":"ok"}
merged-schemas	WeirdEnum	{"pattern-either":"UPPER"}
merged-schemas	WeirdEnum	{}
merged-schemas	WeirdEnum	{"pattern-either":"Hello, World"}
merged-schemas	WeirdEnum	{"pattern-either":true}
merged-schemas	WeirdEnum	{"pattern":"a-b_c"}
merged-schemas	WeirdEnum	{"pattern-either":null}
merged-schemas	WeirdEnum	{"pattern-regex":null}
merged-schemas	WeirdEnum	{"pattern-regex":"a"}
merged-schemas	WeirdEnum	{"pattern-either":null}
merged-schemas	WeirdEnum	{"pattern-regex":3}
merged-schemas	WeirdEnum	{"patterns":false}
merged-schemas	WeirdEnum	{"pattern":false}
merged-schemas	WeirdEnum	{"pattern":1.0}
merged-schemas	WeirdEnum	{}
