multiple-instance-types	IntOrStr	"Hello, World"
multiple-instance-types	IntOrStr	7
multiple-instance-types	IntOrStr	32768
multiple-instance-types	IntOrStr	[9223372036854775807]
multiple-instance-types	IntOrStr	"é中文"
multiple-instance-types	IntOrStr	0
multiple-instance-types	IntOrStr	9223372036854775808
multiple-instance-types	IntOrStr	[128]
multiple-instance-types	IntOrStr	1.0
multiple-instance-types	IntOrStr	256
multiple-instance-types	IntOrStr	"abc"
multiple-instance-types	IntOrStr	{"wrapped":"1234"}
multiple-instance-types	IntOrStr	"a"
multiple-instance-types	IntOrStr	-128
multiple-instance-types	IntOrStr	"UPPER"
multiple-instance-types	IntOrStr	null
multiple-instance-types	IntOrStr	0
multiple-instance-types	IntOrStr	123456789012345678901234567890
multiple-instance-types	IntOrStr	1.8446744073709552e+19
multiple-instance-types	IntOrStr	[127]
multiple-instance-types	IntOrStr	2147483648
multiple-instance-types	IntOrStr	-32769
multiple-instance-types	IntOrStr	1.8446744073709552e+19
multiple-instance-types	IntOrStr	null
multiple-instance-types	OneOfSeveral	[["with \"quotes\"","Hello, World"],null]
multiple-instance-types	OneOfSeveral	null
multiple-instance-types	OneOfSeveral	true
multiple-instance-types	OneOfSeveral	[-9.223372036854776e+18]
multiple-instance-types	OneOfSeveral	null
multiple-instance-types	OneOfSeveral	"x y"
multiple-instance-types	OneOfSeveral	[{"k0":false},true]
multiple-instance-types	OneOfSeveral	null
multiple-instance-types	OneOfSeveral	null
multiple-instance-types	OneOfSeveral	{}
multiple-instance-types	OneOfSeveral	null
multiple-instance-types	OneOfSeveral	["abc"]
multiple-instance-types	OneOfSeveral	{"key":true}
multiple-instance-types	OneOfSeveral	[-0.0]
multiple-instance-types	OneOfSeveral	true
multiple-instance-types	OneOfSeveral	{}
multiple-instance-types	OneOfSeveral	"Hello, World"
multiple-instance-types	OneOfSeveral	null
multiple-instance-types	OneOfSeveral	{"key":[null],"zz_deep":[[[[[[[[[[[[[[[[[[[[[[[[[[[[[[[[[[[[[[[[[[[[[[[[[[[[[[[[[[[[[[[[[[[[[[[[[[[[[[[[[[[[[[[[[[[[[[[[[[[[[[[[[[[[[[[[[[[[[[[[[[[[[[[[[[]]]]]]]]]]]]]]]]]]]]]]]]]]]]]]]]]]]]]]]]]]]]]]]]]]]]]]]]]]]]]]]]]]]]]]]]]]]]]]]]]]]]]]]]]]]]]]]]]]]]]]]]]]]]]]]]]]]]]]]]]]]]]]]]]]}
multiple-instance-types	OneOfSeveral	{"\u0077\u0072apped":false}
multiple-instance-types	OneOfSeveral	null
multiple-instance-types	OneOfSeveral	4294967296
multiple-instance-types	OneOfSeveral	true
multiple-instance-types	OneOfSeveral	[true]
multiple-instance-types	ReallyJustNull	null
multiple-instance-types	ReallyJustNull	null
multiple-instance-types	ReallyJustNull	null
multiple-instance-types	ReallyJustNull	"😀"
multiple-instance-types	ReallyJustNull	null
multiple-instance-types	ReallyJustNull	null
multiple-instance-types	ReallyJustNull	null
multiple-instance-types	ReallyJustNull	null
multiple-instance-types	ReallyJustNull	null
multiple-instance-types	ReallyJustNull	null
multiple-instance-types	ReallyJustNull	null
multiple-instance-types	ReallyJustNull	[null]
multiple-instance-types	ReallyJustNull	null
multiple-instance-types	ReallyJustNull	null
multiple-instance-types	ReallyJustNull	null
multiple-instance-types	ReallyJustNull	null
multiple-instance-types	ReallyJustNull	null
multiple-instance-types	ReallyJustNull	null
multiple-instance-types	ReallyJustNull	null
multiple-instance-types	ReallyJustNull	"😀"
multiple-instance-types	ReallyJustNull	null
multiple-instance-types	ReallyJustNull	null
multiple-instance-types	ReallyJustNull	null
multiple-instance-types	ReallyJustNull	 ["UPPER",0]
multiple-instance-types	SeriouslyAnything	"Hello, World"
multiple-instance-types	SeriouslyAnything	1.0
multiple-instance-types	SeriouslyAnything	0.1
multiple-instance-types	SeriouslyAnything	null
multiple-instance-types	SeriouslyAnything	3
multiple-instance-types	SeriouslyAnything	false
multiple-instance-types	SeriouslyAnything	[]
multiple-instance-types	SeriouslyAnything	null
multiple-instance-types	SeriouslyAnything	"a-b_c"
multiple-instance-types	SeriouslyAnything	[["a-b_c"]]
multiple-instance-types	SeriouslyAnything	{}
multiple-instance-types	SeriouslyAnything	{"wrapped":1}
multiple-instance-types	SeriouslyAnything	18446744073709551615
multiple-instance-types	SeriouslyAnything	true
multiple-instance-types	SeriouslyAnything	1
multiple-instance-types	SeriouslyAnything	null
multiple-instance-types	SeriouslyAnything	10000000000.0
multiple-instance-types	SeriouslyAnything	255
multiple-instance-types	SeriouslyAnything	1.0
multiple-instance-types	SeriouslyAnything	{"wrapped":"ok"}
multiple-instance-types	SeriouslyAnything	0
multiple-instance-types	SeriouslyAnything	18446744073709551615E+0
multiple-instance-types	SeriouslyAnything		[]
multiple-instance-types	SeriouslyAnything	{"wrapped":"abc"}
multiple-instance-types	YesNoMaybe	{"value":"ok"}
multiple-instance-types	YesNoMaybe	true
multiple-instance-types	YesNoMaybe	{"value":"0x10"}
multiple-instance-types	YesNoMaybe	true
multiple-instance-types	YesNoMaybe	{}
multiple-instance-types	YesNoMaybe	false
multiple-instance-types	YesNoMaybe	{}
multiple-instance-types	YesNoMaybe	null
multiple-instance-types	YesNoMaybe	false
multiple-instance-types	YesNoMaybe	false
multiple-instance-types	YesNoMaybe	false
multiple-instance-types	YesNoMaybe	{"value":"true"}
multiple-instance-types	YesNoMaybe	{"value":"x y"}
multiple-instance-types	YesNoMaybe	false
multiple-instance-types	YesNoMaybe	false
multiple-instance-types	YesNoMaybe	"null"
multiple-instance-types	YesNoMaybe	false
multiple-instance-types	YesNoMaybe	true
multiple-instance-types	YesNoMaybe	true
multiple-instance-types	YesNoMaybe	null
multiple-instance-types	YesNoMaybe	true
multiple-instance-types	YesNoMaybe	{"value":"null"}
multiple-instance-types	YesNoMaybe	{}
multiple-instance-types	YesNoMaybe	[true ]
