noisy-types	ArrayBs	[true,false,true]
noisy-types	ArrayBs	[false,false,false]
noisy-types	ArrayBs	[true,true,true,false]
noisy-types	ArrayBs	[[false,true,false]]
noisy-types	ArrayBs	[false,true]
noisy-types	ArrayBs	[]
noisy-types	ArrayBs	[false,false,false]
noisy-types	ArrayBs	[true,false,true]
noisy-types	ArrayBs	[false,false,false]
noisy-types	ArrayBs	[]
noisy-types	ArrayBs	[false,false]
noisy-types	ArrayBs	[true,true,{"wrapped":false}]
noisy-types	ArrayBs	[true,false]
noisy-types	ArrayBs	[true,true,true]
noisy-types	ArrayBs	[false,false]
noisy-types	ArrayBs	true
noisy-types	IntegerBs	-9.223372036854776e+18
noisy-types	IntegerBs	255
noisy-types	IntegerBs	1
noisy-types	IntegerBs	false
noisy-types	IntegerBs	-1
noisy-types	IntegerBs	2147483648
noisy-types	IntegerBs	1
noisy-types	IntegerBs	false
noisy-types	IntegerBs	-1
noisy-types	IntegerBs	1.0
noisy-types	IntegerBs	9223372036854775807
noisy-types	IntegerBs	[-9.223372036854776e+18]
noisy-types	IntegerBs	0
noisy-types	IntegerBs	0
noisy-types	IntegerBs	-9.223372036854776e+18
noisy-types	IntegerBs	null
noisy-types	ObjectBs	{}
noisy-types	ObjectBs	{"ok":true}
noisy-types	ObjectBs	{"ok":false}
noisy-types	ObjectBs	[{}]
noisy-types	ObjectBs	{"ok":true}
noisy-types	ObjectBs	{}
noisy-types	ObjectBs	{"ok":false}
noisy-types	ObjectBs	null
noisy-types	ObjectBs	{}
noisy-types	ObjectBs	{"ok":true}
noisy-types	ObjectBs	{"ok":true}
noisy-types	ObjectBs	[{}]
noisy-types	ObjectBs	{"ok":false}
noisy-types	ObjectBs	{}
noisy-types	ObjectBs	{}
noisy-types	ObjectBs	{"wrapped":{}}
