types-with-more-impls	PatternString	"0x10"
types-with-more-impls	PatternString	"x y"
types-with-more-impls	PatternString	"Hello, World"
types-with-more-impls	PatternString	{"k0":"UPPER","k1":null}
types-with-more-impls	PatternString	"1234"
types-with-more-impls	PatternString	"é中文"
types-with-more-impls	PatternString	"é中文"
types-with-more-impls	PatternString	{"wrapped":"x y"}
types-with-more-impls	PatternString	"with \"quotes\""
types-with-more-impls	PatternString	"é中文"
types-with-more-impls	PatternString	"true"
types-with-more-impls	PatternString	null
types-with-more-impls	PatternString	"abc"
types-with-more-impls	PatternString	"abc"
types-with-more-impls	PatternString	"a-b_c"
types-with-more-impls	PatternString	{"wrapped":"abc"}
types-with-more-impls	Sub10Primes	2
types-with-more-impls	Sub10Primes	3
types-with-more-impls	Sub10Primes	2
types-with-more-impls	Sub10Primes	null
types-with-more-impls	Sub10Primes	7
types-with-more-impls	Sub10Primes	3
types-with-more-impls	Sub10Primes	3
types-with-more-impls	Sub10Primes	[2]
types-with-more-impls	Sub10Primes	2
types-with-more-impls	Sub10Primes	2
types-with-more-impls	Sub10Primes	7
types-with-more-impls	Sub10Primes	[5]
types-with-more-impls	Sub10Primes	2
types-with-more-impls	Sub10Primes	7
types-with-more-impls	Sub10Primes	5
types-with-more-impls	Sub10Primes	true
